<?xml version="1.0" encoding="UTF-8"?>
<configurationDescriptor version="79">
  <logicalFolder name="root" displayName="root" projectFiles="true" kind="ROOT">
    <df name="vacuum62" root=".">
      <in>constants.h</in>
      <in>navigation.cpp</in>
      <in>navigation.h</in>
      <in>pid.cpp</in>
      <in>pid.h</in>
      <in>robot.cpp</in>
      <in>robot.h</in>
      <in>util.h</in>
      <in>vacuum62.cpp</in>
      <in>vec2.h</in>
    </df>
    <logicalFolder name="ExternalFiles"
                   displayName="Important Files"
                   projectFiles="false"
                   kind="IMPORTANT_FILES_FOLDER">
      <itemPath>Makefile</itemPath>
    </logicalFolder>
  </logicalFolder>
  <sourceFolderFilter>^(nbproject)$</sourceFolderFilter>
  <sourceRootList>
    <Elem>.</Elem>
  </sourceRootList>
  <projectmakefile>Makefile</projectmakefile>
  <confs>
    <conf name="Default" type="0">
      <toolsSet>
        <remote-sources-mode>LOCAL_SOURCES</remote-sources-mode>
        <compilerSet>default</compilerSet>
      </toolsSet>
      <makefileType>
        <makeTool>
          <buildCommandWorkingDir>.</buildCommandWorkingDir>
          <buildCommand>${MAKE} -f Makefile</buildCommand>
          <cleanCommand>${MAKE} -f Makefile clean</cleanCommand>
          <executablePath>vacuum62</executablePath>
        </makeTool>
      </makefileType>
    </conf>
  </confs>
</configurationDescriptor>
